{"cameraMode":{"drawMode":0,"name":"Shaded","section":"Shading Mode"},"sceneLighting":false,"audioPlay":false,"sceneViewState":{"showFog":true,"showMaterialUpdate":false,"showSkybox":false,"showFlares":true,"showImageEffects":true,"showParticleSystems":true},"in2DMode":false,"pivot":{"x":31.862998962402345,"y":0.5392444729804993,"z":-151.60000610351563},"rotation":{"x":-0.4432635009288788,"y":0.5594806671142578,"z":-0.5053125619888306,"w":-0.48571211099624636},"size":7.676441669464111,"orthographic":false}