{"cameraMode":{"drawMode":0,"name":"Shaded","section":"Shading Mode"},"sceneLighting":true,"audioPlay":false,"sceneViewState":{"showFog":true,"showMaterialUpdate":false,"showSkybox":false,"showFlares":true,"showImageEffects":true,"showParticleSystems":true},"in2DMode":false,"pivot":{"x":4.161017894744873,"y":-0.7261579036712647,"z":0.35436075925827029},"rotation":{"x":0.3248441815376282,"y":0.536206066608429,"z":-0.23566435277462007,"w":0.7430636286735535},"size":8.199295043945313,"orthographic":false}