{"cameraMode":{"drawMode":0,"name":"Shaded","section":"Shading Mode"},"sceneLighting":false,"audioPlay":false,"sceneViewState":{"showFog":true,"showMaterialUpdate":false,"showSkybox":false,"showFlares":true,"showImageEffects":true,"showParticleSystems":true},"in2DMode":false,"pivot":{"x":4.76837158203125e-7,"y":2.1306419372558595,"z":4.001232624053955},"rotation":{"x":0.035698723047971728,"y":-0.8807904720306397,"z":0.4673403799533844,"w":0.06728188693523407},"size":4.9831862449646,"orthographic":false}